timestamp_utc,probe_name,probe_address,rssi_dbm,food_temperature_c,food_temperature_f,ambient_temperature_c,ambient_temperature_f,tip_1_temperature_c,tip_1_temperature_f,tip_2_temperature_c,tip_2_temperature_f,tip_3_temperature_c,tip_3_temperature_f,tip_4_temperature_c,tip_4_temperature_f,battery_percent
2026-08-28T19:44:59.751431+00:00,inside in water 2,2551D2CE-42AA-68FB-434E-C7BD2ABBF5E3,-85,24.0,75.2,27.8,82.03999999999999,24.3,75.74000000000001,24.0,75.2,24.1,75.38,24.3,75.74000000000001,68.0
2026-08-28T19:45:01.754217+00:00,inside in water 2,2551D2CE-42AA-68FB-434E-C7BD2ABBF5E3,-85,24.0,75.2,27.8,82.03999999999999,24.3,75.74000000000001,24.0,75.2,24.1,75.38,24.3,75.74000000000001,68.0
2026-08-28T19:45:03.758137+00:00,inside in water 2,2551D2CE-42AA-68FB-434E-C7BD2ABBF5E3,-92,24.0,75.2,27.8,82.03999999999999,24.3,75.74000000000001,24.0,75.2,24.1,75.38,24.4,75.92,68.0
2026-08-28T19:45:05.760564+00:00,inside in water 2,2551D2CE-42AA-68FB-434E-C7BD2ABBF5E3,-92,24.0,75.2,27.8,82.03999999999999,24.3,75.74000000000001,24.0,75.2,24.1,75.38,24.4,75.92,68.0
2026-08-28T19:45:07.762729+00:00,inside in water 2,2551D2CE-42AA-68FB-434E-C7BD2ABBF5E3,-92,24.0,75.2,27.8,82.03999999999999,24.3,75.74000000000001,24.0,75.2,24.1,75.38,24.4,75.92,68.0
2026-08-28T19:45:09.767294+00:00,inside in water 2,2551D2CE-42AA-68FB-434E-C7BD2ABBF5E3,-84,24.0,75.2,27.8,82.03999999999999,24.3,75.74000000000001,24.0,75.2,24.2,75.56,24.4,75.92,68.0
2026-08-28T19:45:11.775697+00:00,inside in water 2,2551D2CE-42AA-68FB-434E-C7BD2ABBF5E3,-95,24.0,75.2,27.8,82.03999999999999,24.3,75.74000000000001,24.0,75.2,24.2,75.56,24.4,75.92,68.0
2026-08-28T19:45:13.783559+00:00,inside in water 2,2551D2CE-42AA-68FB-434E-C7BD2ABBF5E3,-95,24.0,75.2,27.8,82.03999999999999,24.3,75.74000000000001,24.0,75.2,24.2,75.56,24.4,75.92,68.0
2026-08-28T19:45:15.786064+00:00,inside in water 2,2551D2CE-42AA-68FB-434E-C7BD2ABBF5E3,-85,24.1,75.38,27.7,81.86,24.3,75.74000000000001,24.1,75.38,24.2,75.56,24.4,75.92,68.0
2026-08-28T19:45:17.790751+00:00,inside in water 2,2551D2CE-42AA-68FB-434E-C7BD2ABBF5E3,-84,24.1,75.38,27.7,81.86,24.4,75.92,24.1,75.38,24.2,75.56,24.4,75.92,68.0
2026-08-28T19:45:19.796063+00:00,inside in water 2,2551D2CE-42AA-68FB-434E-C7BD2ABBF5E3,-84,24.1,75.38,27.7,81.86,24.4,75.92,24.1,75.38,24.2,75.56,24.4,75.92,68.0
2026-08-28T19:45:21.800023+00:00,inside in water 2,2551D2CE-42AA-68FB-434E-C7BD2ABBF5E3,-84,24.1,75.38,27.7,81.86,24.4,75.92,24.1,75.38,24.2,75.56,24.4,75.92,68.0
2026-08-28T19:45:23.806490+00:00,inside in water 2,2551D2CE-42AA-68FB-434E-C7BD2ABBF5E3,-85,24.1,75.38,27.7,81.86,24.4,75.92,24.1,75.38,24.2,75.56,24.4,75.92,68.0
2026-08-28T19:45:25.811259+00:00,inside in water 2,2551D2CE-42AA-68FB-434E-C7BD2ABBF5E3,-84,24.1,75.38,27.9,82.22,24.4,75.92,24.1,75.38,24.2,75.56,24.4,75.92,68.0
2026-08-28T19:45:27.816636+00:00,inside in water 2,2551D2CE-42AA-68FB-434E-C7BD2ABBF5E3,-96,24.1,75.38,27.9,82.22,24.4,75.92,24.1,75.38,24.2,75.56,24.4,75.92,68.0
2026-08-28T19:45:29.824083+00:00,inside in water 2,2551D2CE-42AA-68FB-434E-C7BD2ABBF5E3,-96,24.1,75.38,27.9,82.22,24.4,75.92,24.1,75.38,24.2,75.56,24.4,75.92,68.0
2026-08-28T19:45:31.833808+00:00,inside in water 2,2551D2CE-42AA-68FB-434E-C7BD2ABBF5E3,-84,24.1,75.38,27.9,82.22,24.4,75.92,24.1,75.38,24.2,75.56,24.4,75.92,68.0
2026-08-28T19:45:33.837744+00:00,inside in water 2,2551D2CE-42AA-68FB-434E-C7BD2ABBF5E3,-84,24.1,75.38,27.9,82.22,24.5,76.1,24.1,75.38,24.3,75.74000000000001,24.5,76.1,68.0
2026-08-28T19:45:35.840313+00:00,inside in water 2,2551D2CE-42AA-68FB-434E-C7BD2ABBF5E3,-85,24.1,75.38,27.9,82.22,24.5,76.1,24.1,75.38,24.3,75.74000000000001,24.5,76.1,68.0
2026-08-28T19:45:37.847713+00:00,inside in water 2,2551D2CE-42AA-68FB-434E-C7BD2ABBF5E3,-85,24.1,75.38,27.9,82.22,24.5,76.1,24.1,75.38,24.3,75.74000000000001,24.5,76.1,68.0
2026-08-28T19:45:39.852045+00:00,inside in water 2,2551D2CE-42AA-68FB-434E-C7BD2ABBF5E3,-83,24.2,75.56,27.8,82.03999999999999,24.5,76.1,24.2,75.56,24.3,75.74000000000001,24.5,76.1,68.0
2026-08-28T19:45:41.858939+00:00,inside in water 2,2551D2CE-42AA-68FB-434E-C7BD2ABBF5E3,-91,24.2,75.56,27.8,82.03999999999999,24.5,76.1,24.2,75.56,24.3,75.74000000000001,24.5,76.1,68.0
2026-08-28T19:45:43.863297+00:00,inside in water 2,2551D2CE-42AA-68FB-434E-C7BD2ABBF5E3,-91,24.2,75.56,27.8,82.03999999999999,24.5,76.1,24.2,75.56,24.3,75.74000000000001,24.5,76.1,68.0
2026-08-28T19:45:45.869314+00:00,inside in water 2,2551D2CE-42AA-68FB-434E-C7BD2ABBF5E3,-91,24.2,75.56,27.9,82.22,24.6,76.28,24.2,75.56,24.3,75.74000000000001,24.6,76.28,68.0
2026-08-28T19:45:47.874687+00:00,inside in water 2,2551D2CE-42AA-68FB-434E-C7BD2ABBF5E3,-91,24.2,75.56,27.9,82.22,24.6,76.28,24.2,75.56,24.3,75.74000000000001,24.6,76.28,68.0
2026-08-28T19:45:49.881238+00:00,inside in water 2,2551D2CE-42AA-68FB-434E-C7BD2ABBF5E3,-91,24.2,75.56,27.9,82.22,24.6,76.28,24.2,75.56,24.3,75.74000000000001,24.6,76.28,68.0
2026-08-28T19:45:51.889506+00:00,inside in water 2,2551D2CE-42AA-68FB-434E-C7BD2ABBF5E3,-85,24.2,75.56,27.9,82.22,24.6,76.28,24.2,75.56,24.3,75.74000000000001,24.6,76.28,68.0
2026-08-28T19:45:53.896680+00:00,inside in water 2,2551D2CE-42AA-68FB-434E-C7BD2ABBF5E3,-84,24.2,75.56,27.9,82.22,24.6,76.28,24.2,75.56,24.3,75.74000000000001,24.6,76.28,68.0
2026-08-28T19:45:55.901442+00:00,inside in water 2,2551D2CE-42AA-68FB-434E-C7BD2ABBF5E3,-84,24.2,75.56,27.9,82.22,24.6,76.28,24.2,75.56,24.3,75.74000000000001,24.6,76.28,68.0
2026-08-28T19:45:57.906860+00:00,inside in water 2,2551D2CE-42AA-68FB-434E-C7BD2ABBF5E3,-85,24.3,75.74000000000001,28.1,82.58000000000001,24.6,76.28,24.3,75.74000000000001,24.4,75.92,24.6,76.28,68.0
2026-08-28T19:45:59.912267+00:00,inside in water 2,2551D2CE-42AA-68FB-434E-C7BD2ABBF5E3,-84,24.3,75.74000000000001,28.1,82.58000000000001,24.6,76.28,24.3,75.74000000000001,24.4,75.92,24.6,76.28,68.0
2026-08-28T19:46:01.915412+00:00,inside in water 2,2551D2CE-42AA-68FB-434E-C7BD2ABBF5E3,-90,24.3,75.74000000000001,28.0,82.4,24.6,76.28,24.3,75.74000000000001,24.4,75.92,24.6,76.28,68.0
2026-08-28T19:46:03.920100+00:00,inside in water 2,2551D2CE-42AA-68FB-434E-C7BD2ABBF5E3,-84,24.3,75.74000000000001,27.9,82.22,24.6,76.28,24.3,75.74000000000001,24.4,75.92,24.6,76.28,68.0
2026-08-28T19:46:05.923692+00:00,inside in water 2,2551D2CE-42AA-68FB-434E-C7BD2ABBF5E3,-84,24.3,75.74000000000001,27.9,82.22,24.6,76.28,24.3,75.74000000000001,24.4,75.92,24.6,76.28,68.0
2026-08-28T19:46:07.928676+00:00,inside in water 2,2551D2CE-42AA-68FB-434E-C7BD2ABBF5E3,-84,24.3,75.74000000000001,27.9,82.22,24.6,76.28,24.3,75.74000000000001,24.4,75.92,24.6,76.28,68.0
2026-08-28T19:46:09.935145+00:00,inside in water 2,2551D2CE-42AA-68FB-434E-C7BD2ABBF5E3,-90,24.3,75.74000000000001,28.0,82.4,24.7,76.46000000000001,24.3,75.74000000000001,24.4,75.92,24.7,76.46000000000001,68.0
2026-08-28T19:46:11.940497+00:00,inside in water 2,2551D2CE-42AA-68FB-434E-C7BD2ABBF5E3,-84,24.3,75.74000000000001,28.1,82.58000000000001,24.7,76.46000000000001,24.3,75.74000000000001,24.4,75.92,24.7,76.46000000000001,68.0
2026-08-28T19:46:13.946083+00:00,inside in water 2,2551D2CE-42AA-68FB-434E-C7BD2ABBF5E3,-84,24.3,75.74000000000001,28.1,82.58000000000001,24.7,76.46000000000001,24.3,75.74000000000001,24.4,75.92,24.7,76.46000000000001,68.0
2026-08-28T19:46:15.948660+00:00,inside in water 2,2551D2CE-42AA-68FB-434E-C7BD2ABBF5E3,-84,24.3,75.74000000000001,28.1,82.58000000000001,24.7,76.46000000000001,24.3,75.74000000000001,24.4,75.92,24.7,76.46000000000001,68.0
2026-08-28T19:46:17.951337+00:00,inside in water 2,2551D2CE-42AA-68FB-434E-C7BD2ABBF5E3,-85,24.3,75.74000000000001,27.9,82.22,24.7,76.46000000000001,24.3,75.74000000000001,24.5,76.1,24.7,76.46000000000001,68.0
2026-08-28T19:46:19.955848+00:00,inside in water 2,2551D2CE-42AA-68FB-434E-C7BD2ABBF5E3,-89,24.4,75.92,28.0,82.4,24.7,76.46000000000001,24.4,75.92,24.5,76.1,24.7,76.46000000000001,68.0
2026-08-28T19:46:21.961082+00:00,inside in water 2,2551D2CE-42AA-68FB-434E-C7BD2ABBF5E3,-86,24.4,75.92,28.0,82.4,24.7,76.46000000000001,24.4,75.92,24.5,76.1,24.7,76.46000000000001,68.0
2026-08-28T19:46:23.968296+00:00,inside in water 2,2551D2CE-42AA-68FB-434E-C7BD2ABBF5E3,-86,24.4,75.92,28.0,82.4,24.7,76.46000000000001,24.4,75.92,24.5,76.1,24.7,76.46000000000001,68.0
2026-08-28T19:46:25.972905+00:00,inside in water 2,2551D2CE-42AA-68FB-434E-C7BD2ABBF5E3,-86,24.4,75.92,28.0,82.4,24.7,76.46000000000001,24.4,75.92,24.5,76.1,24.7,76.46000000000001,68.0
2026-08-28T19:46:27.977871+00:00,inside in water 2,2551D2CE-42AA-68FB-434E-C7BD2ABBF5E3,-90,24.4,75.92,28.1,82.58000000000001,24.8,76.64,24.4,75.92,24.5,76.1,24.8,76.64,68.0
2026-08-28T19:46:29.983125+00:00,inside in water 2,2551D2CE-42AA-68FB-434E-C7BD2ABBF5E3,-85,24.4,75.92,28.1,82.58000000000001,24.8,76.64,24.4,75.92,24.5,76.1,24.8,76.64,68.0
2026-08-28T19:46:31.986940+00:00,inside in water 2,2551D2CE-42AA-68FB-434E-C7BD2ABBF5E3,-85,24.4,75.92,28.1,82.58000000000001,24.8,76.64,24.4,75.92,24.5,76.1,24.8,76.64,68.0
2026-08-28T19:46:33.991611+00:00,inside in water 2,2551D2CE-42AA-68FB-434E-C7BD2ABBF5E3,-85,24.4,75.92,28.1,82.58000000000001,24.8,76.64,24.4,75.92,24.5,76.1,24.8,76.64,68.0
2026-08-28T19:46:35.997010+00:00,inside in water 2,2551D2CE-42AA-68FB-434E-C7BD2ABBF5E3,-90,24.4,75.92,28.2,82.75999999999999,24.8,76.64,24.4,75.92,24.6,76.28,24.8,76.64,68.0
2026-08-28T19:46:38.002068+00:00,inside in water 2,2551D2CE-42AA-68FB-434E-C7BD2ABBF5E3,-83,24.4,75.92,28.2,82.75999999999999,24.8,76.64,24.4,75.92,24.6,76.28,24.8,76.64,68.0
2026-08-28T19:46:40.005158+00:00,inside in water 2,2551D2CE-42AA-68FB-434E-C7BD2ABBF5E3,-82,24.4,75.92,28.2,82.75999999999999,24.8,76.64,24.4,75.92,24.6,76.28,24.8,76.64,68.0
2026-08-28T19:46:42.010374+00:00,inside in water 2,2551D2CE-42AA-68FB-434E-C7BD2ABBF5E3,-82,24.4,75.92,28.2,82.75999999999999,24.8,76.64,24.4,75.92,24.6,76.28,24.8,76.64,68.0
2026-08-28T19:46:44.014839+00:00,inside in water 2,2551D2CE-42AA-68FB-434E-C7BD2ABBF5E3,-86,24.5,76.1,28.0,82.4,24.9,76.82,24.5,76.1,24.6,76.28,24.9,76.82,68.0
2026-08-28T19:46:46.016785+00:00,inside in water 2,2551D2CE-42AA-68FB-434E-C7BD2ABBF5E3,-83,24.5,76.1,28.0,82.4,24.9,76.82,24.5,76.1,24.6,76.28,24.9,76.82,68.0
2026-08-28T19:46:48.018565+00:00,inside in water 2,2551D2CE-42AA-68FB-434E-C7BD2ABBF5E3,-83,24.5,76.1,28.0,82.4,24.9,76.82,24.5,76.1,24.6,76.28,24.9,76.82,68.0
2026-08-28T19:46:50.023849+00:00,inside in water 2,2551D2CE-42AA-68FB-434E-C7BD2ABBF5E3,-83,24.5,76.1,28.0,82.4,24.9,76.82,24.5,76.1,24.6,76.28,24.9,76.82,68.0
2026-08-28T19:46:52.027597+00:00,inside in water 2,2551D2CE-42AA-68FB-434E-C7BD2ABBF5E3,-86,24.5,76.1,28.4,83.12,24.9,76.82,24.5,76.1,24.6,76.28,24.9,76.82,68.0
2026-08-28T19:46:54.034139+00:00,inside in water 2,2551D2CE-42AA-68FB-434E-C7BD2ABBF5E3,-84,24.5,76.1,28.4,83.12,24.9,76.82,24.5,76.1,24.6,76.28,24.9,76.82,68.0
2026-08-28T19:46:56.036822+00:00,inside in water 2,2551D2CE-42AA-68FB-434E-C7BD2ABBF5E3,-90,24.5,76.1,28.3,82.94,24.9,76.82,24.5,76.1,24.7,76.46000000000001,24.9,76.82,68.0
2026-08-28T19:46:58.042009+00:00,inside in water 2,2551D2CE-42AA-68FB-434E-C7BD2ABBF5E3,-84,24.5,76.1,28.3,82.94,24.9,76.82,24.5,76.1,24.7,76.46000000000001,24.9,76.82,68.0
2026-08-28T19:47:00.047562+00:00,inside in water 2,2551D2CE-42AA-68FB-434E-C7BD2ABBF5E3,-90,24.6,76.28,28.3,82.94,24.9,76.82,24.6,76.28,24.7,76.46000000000001,24.9,76.82,68.0
2026-08-28T19:47:02.052933+00:00,inside in water 2,2551D2CE-42AA-68FB-434E-C7BD2ABBF5E3,-90,24.6,76.28,28.3,82.94,24.9,76.82,24.6,76.28,24.7,76.46000000000001,24.9,76.82,68.0
2026-08-28T19:47:04.059060+00:00,inside in water 2,2551D2CE-42AA-68FB-434E-C7BD2ABBF5E3,-90,24.6,76.28,28.3,82.94,24.9,76.82,24.6,76.28,24.7,76.46000000000001,24.9,76.82,68.0
2026-08-28T19:47:06.063401+00:00,inside in water 2,2551D2CE-42AA-68FB-434E-C7BD2ABBF5E3,-84,24.6,76.28,28.3,82.94,25.0,77.0,24.6,76.28,24.7,76.46000000000001,24.9,76.82,68.0
2026-08-28T19:47:08.066539+00:00,inside in water 2,2551D2CE-42AA-68FB-434E-C7BD2ABBF5E3,-89,24.6,76.28,28.4,83.12,25.0,77.0,24.6,76.28,24.7,76.46000000000001,25.0,77.0,68.0
2026-08-28T19:47:10.072047+00:00,inside in water 2,2551D2CE-42AA-68FB-434E-C7BD2ABBF5E3,-82,24.6,76.28,28.4,83.12,25.0,77.0,24.6,76.28,24.7,76.46000000000001,25.0,77.0,68.0
2026-08-28T19:47:12.077582+00:00,inside in water 2,2551D2CE-42AA-68FB-434E-C7BD2ABBF5E3,-82,24.6,76.28,28.4,83.12,25.0,77.0,24.6,76.28,24.7,76.46000000000001,25.0,77.0,68.0
2026-08-28T19:47:14.083294+00:00,inside in water 2,2551D2CE-42AA-68FB-434E-C7BD2ABBF5E3,-82,24.6,76.28,28.4,83.12,25.0,77.0,24.6,76.28,24.7,76.46000000000001,25.0,77.0,68.0
2026-08-28T19:47:16.088631+00:00,inside in water 2,2551D2CE-42AA-68FB-434E-C7BD2ABBF5E3,-76,24.6,76.28,28.4,83.12,25.1,77.18,24.6,76.28,24.7,76.46000000000001,25.0,77.0,68.0
2026-08-28T19:47:18.096796+00:00,inside in water 2,2551D2CE-42AA-68FB-434E-C7BD2ABBF5E3,-76,24.6,76.28,28.4,83.12,25.1,77.18,24.6,76.28,24.7,76.46000000000001,25.0,77.0,68.0
2026-08-28T19:47:20.101422+00:00,inside in water 2,2551D2CE-42AA-68FB-434E-C7BD2ABBF5E3,-76,24.6,76.28,28.4,83.12,25.1,77.18,24.6,76.28,24.7,76.46000000000001,25.0,77.0,68.0
2026-08-28T19:47:22.106293+00:00,inside in water 2,2551D2CE-42AA-68FB-434E-C7BD2ABBF5E3,-76,24.6,76.28,28.4,83.12,25.1,77.18,24.6,76.28,24.7,76.46000000000001,25.0,77.0,68.0
2026-08-28T19:47:24.112293+00:00,inside in water 2,2551D2CE-42AA-68FB-434E-C7BD2ABBF5E3,-88,24.7,76.46000000000001,28.5,83.30000000000001,25.1,77.18,24.7,76.46000000000001,24.8,76.64,25.0,77.0,68.0
2026-08-28T19:47:26.117950+00:00,inside in water 2,2551D2CE-42AA-68FB-434E-C7BD2ABBF5E3,-88,24.7,76.46000000000001,28.5,83.30000000000001,25.1,77.18,24.7,76.46000000000001,24.8,76.64,25.0,77.0,68.0
2026-08-28T19:47:28.123596+00:00,inside in water 2,2551D2CE-42AA-68FB-434E-C7BD2ABBF5E3,-74,24.7,76.46000000000001,28.5,83.30000000000001,25.1,77.18,24.7,76.46000000000001,24.8,76.64,25.0,77.0,68.0
2026-08-28T19:47:30.128920+00:00,inside in water 2,2551D2CE-42AA-68FB-434E-C7BD2ABBF5E3,-74,24.7,76.46000000000001,28.5,83.30000000000001,25.1,77.18,24.7,76.46000000000001,24.8,76.64,25.0,77.0,68.0
2026-08-28T19:47:32.134465+00:00,inside in water 2,2551D2CE-42AA-68FB-434E-C7BD2ABBF5E3,-88,24.8,76.64,28.3,82.94,25.2,77.36,24.8,76.64,24.8,76.64,25.1,77.18,68.0
2026-08-28T19:47:34.139539+00:00,inside in water 2,2551D2CE-42AA-68FB-434E-C7BD2ABBF5E3,-83,24.8,76.64,28.3,82.94,25.2,77.36,24.8,76.64,24.8,76.64,25.1,77.18,68.0
2026-08-28T19:47:36.145773+00:00,inside in water 2,2551D2CE-42AA-68FB-434E-C7BD2ABBF5E3,-87,24.8,76.64,28.7,83.66,25.2,77.36,24.8,76.64,24.9,76.82,25.1,77.18,68.0
2026-08-28T19:47:38.151019+00:00,inside in water 2,2551D2CE-42AA-68FB-434E-C7BD2ABBF5E3,-87,24.8,76.64,28.7,83.66,25.2,77.36,24.8,76.64,24.9,76.82,25.1,77.18,68.0
2026-08-28T19:47:40.154210+00:00,inside in water 2,2551D2CE-42AA-68FB-434E-C7BD2ABBF5E3,-87,24.8,76.64,28.7,83.66,25.2,77.36,24.8,76.64,24.9,76.82,25.1,77.18,68.0
2026-08-28T19:47:42.160007+00:00,inside in water 2,2551D2CE-42AA-68FB-434E-C7BD2ABBF5E3,-87,24.8,76.64,28.7,83.66,25.2,77.36,24.8,76.64,24.9,76.82,25.1,77.18,68.0
2026-08-28T19:47:44.165189+00:00,inside in water 2,2551D2CE-42AA-68FB-434E-C7BD2ABBF5E3,-87,24.8,76.64,28.7,83.66,25.2,77.36,24.8,76.64,24.9,76.82,25.1,77.18,68.0
2026-08-28T19:47:46.168952+00:00,inside in water 2,2551D2CE-42AA-68FB-434E-C7BD2ABBF5E3,-87,24.8,76.64,28.7,83.66,25.2,77.36,24.8,76.64,24.9,76.82,25.1,77.18,68.0
2026-08-28T19:47:48.174295+00:00,inside in water 2,2551D2CE-42AA-68FB-434E-C7BD2ABBF5E3,-86,24.9,76.82,28.7,83.66,25.3,77.53999999999999,24.9,76.82,24.9,76.82,25.2,77.36,67.0
2026-08-28T19:47:50.180733+00:00,inside in water 2,2551D2CE-42AA-68FB-434E-C7BD2ABBF5E3,-87,24.9,76.82,28.7,83.66,25.3,77.53999999999999,24.9,76.82,24.9,76.82,25.2,77.36,67.0
2026-08-28T19:47:52.186449+00:00,inside in water 2,2551D2CE-42AA-68FB-434E-C7BD2ABBF5E3,-87,24.9,76.82,28.7,83.66,25.3,77.53999999999999,24.9,76.82,24.9,76.82,25.2,77.36,67.0
2026-08-28T19:47:54.192578+00:00,inside in water 2,2551D2CE-42AA-68FB-434E-C7BD2ABBF5E3,-74,24.9,76.82,28.7,83.66,25.3,77.53999999999999,24.9,76.82,24.9,76.82,25.2,77.36,67.0
2026-08-28T19:47:56.198862+00:00,inside in water 2,2551D2CE-42AA-68FB-434E-C7BD2ABBF5E3,-74,24.9,76.82,28.7,83.66,25.3,77.53999999999999,24.9,76.82,24.9,76.82,25.2,77.36,67.0
2026-08-28T19:47:58.205688+00:00,inside in water 2,2551D2CE-42AA-68FB-434E-C7BD2ABBF5E3,-87,24.9,76.82,28.7,83.66,25.3,77.53999999999999,24.9,76.82,25.0,77.0,25.2,77.36,67.0
2026-08-28T19:48:00.210724+00:00,inside in water 2,2551D2CE-42AA-68FB-434E-C7BD2ABBF5E3,-87,24.9,76.82,28.7,83.66,25.3,77.53999999999999,24.9,76.82,25.0,77.0,25.2,77.36,67.0
2026-08-28T19:48:02.214318+00:00,inside in water 2,2551D2CE-42AA-68FB-434E-C7BD2ABBF5E3,-75,24.9,76.82,28.7,83.66,25.3,77.53999999999999,24.9,76.82,25.0,77.0,25.2,77.36,67.0
2026-08-28T19:48:04.219269+00:00,inside in water 2,2551D2CE-42AA-68FB-434E-C7BD2ABBF5E3,-75,24.9,76.82,28.7,83.66,25.3,77.53999999999999,24.9,76.82,25.0,77.0,25.2,77.36,67.0
2026-08-28T19:48:06.226225+00:00,inside in water 2,2551D2CE-42AA-68FB-434E-C7BD2ABBF5E3,-75,24.9,76.82,28.7,83.66,25.3,77.53999999999999,24.9,76.82,25.0,77.0,25.2,77.36,67.0
2026-08-28T19:48:08.231731+00:00,inside in water 2,2551D2CE-42AA-68FB-434E-C7BD2ABBF5E3,-75,24.9,76.82,28.7,83.66,25.3,77.53999999999999,24.9,76.82,25.0,77.0,25.2,77.36,67.0
2026-08-28T19:48:10.234347+00:00,inside in water 2,2551D2CE-42AA-68FB-434E-C7BD2ABBF5E3,-75,24.9,76.82,28.7,83.66,25.3,77.53999999999999,24.9,76.82,25.0,77.0,25.2,77.36,67.0
2026-08-28T19:48:12.239087+00:00,inside in water 2,2551D2CE-42AA-68FB-434E-C7BD2ABBF5E3,-85,25.0,77.0,28.9,84.02,25.4,77.72,25.0,77.0,25.1,77.18,25.3,77.53999999999999,67.0
2026-08-28T19:48:14.245640+00:00,inside in water 2,2551D2CE-42AA-68FB-434E-C7BD2ABBF5E3,-74,25.0,77.0,28.8,83.84,25.4,77.72,25.0,77.0,25.1,77.18,25.3,77.53999999999999,67.0
2026-08-28T19:48:16.250672+00:00,inside in water 2,2551D2CE-42AA-68FB-434E-C7BD2ABBF5E3,-74,25.0,77.0,28.8,83.84,25.4,77.72,25.0,77.0,25.1,77.18,25.3,77.53999999999999,67.0
2026-08-28T19:48:18.257910+00:00,inside in water 2,2551D2CE-42AA-68FB-434E-C7BD2ABBF5E3,-86,25.0,77.0,29.0,84.2,25.5,77.9,25.0,77.0,25.1,77.18,25.3,77.53999999999999,67.0
2026-08-28T19:48:20.263605+00:00,inside in water 2,2551D2CE-42AA-68FB-434E-C7BD2ABBF5E3,-87,25.0,77.0,29.0,84.2,25.5,77.9,25.0,77.0,25.1,77.18,25.3,77.53999999999999,67.0
2026-08-28T19:48:22.267668+00:00,inside in water 2,2551D2CE-42AA-68FB-434E-C7BD2ABBF5E3,-73,25.0,77.0,28.9,84.02,25.5,77.9,25.0,77.0,25.1,77.18,25.4,77.72,67.0
2026-08-28T19:48:24.272270+00:00,inside in water 2,2551D2CE-42AA-68FB-434E-C7BD2ABBF5E3,-73,25.0,77.0,28.9,84.02,25.5,77.9,25.0,77.0,25.1,77.18,25.4,77.72,67.0
2026-08-28T19:48:26.277772+00:00,inside in water 2,2551D2CE-42AA-68FB-434E-C7BD2ABBF5E3,-73,25.0,77.0,28.9,84.02,25.5,77.9,25.0,77.0,25.1,77.18,25.4,77.72,67.0
2026-08-28T19:48:28.282371+00:00,inside in water 2,2551D2CE-42AA-68FB-434E-C7BD2ABBF5E3,-75,25.1,77.18,28.7,83.66,25.5,77.9,25.1,77.18,25.2,77.36,25.4,77.72,67.0
2026-08-28T19:48:30.287857+00:00,inside in water 2,2551D2CE-42AA-68FB-434E-C7BD2ABBF5E3,-75,25.1,77.18,28.7,83.66,25.5,77.9,25.1,77.18,25.2,77.36,25.4,77.72,67.0
2026-08-28T19:48:32.293758+00:00,inside in water 2,2551D2CE-42AA-68FB-434E-C7BD2ABBF5E3,-75,25.1,77.18,28.7,83.66,25.5,77.9,25.1,77.18,25.2,77.36,25.4,77.72,67.0
2026-08-28T19:48:34.298480+00:00,inside in water 2,2551D2CE-42AA-68FB-434E-C7BD2ABBF5E3,-88,25.1,77.18,29.0,84.2,25.6,78.08000000000001,25.1,77.18,25.2,77.36,25.4,77.72,67.0
2026-08-28T19:48:36.303356+00:00,inside in water 2,2551D2CE-42AA-68FB-434E-C7BD2ABBF5E3,-74,25.1,77.18,28.8,83.84,25.6,78.08000000000001,25.1,77.18,25.2,77.36,25.4,77.72,67.0
2026-08-28T19:48:38.310923+00:00,inside in water 2,2551D2CE-42AA-68FB-434E-C7BD2ABBF5E3,-74,25.1,77.18,28.8,83.84,25.6,78.08000000000001,25.1,77.18,25.2,77.36,25.4,77.72,67.0
2026-08-28T19:48:40.313542+00:00,inside in water 2,2551D2CE-42AA-68FB-434E-C7BD2ABBF5E3,-74,25.1,77.18,28.8,83.84,25.6,78.08000000000001,25.1,77.18,25.2,77.36,25.4,77.72,67.0
2026-08-28T19:48:42.317823+00:00,inside in water 2,2551D2CE-42AA-68FB-434E-C7BD2ABBF5E3,-74,25.1,77.18,28.8,83.84,25.6,78.08000000000001,25.1,77.18,25.2,77.36,25.4,77.72,67.0
2026-08-28T19:48:44.325636+00:00,inside in water 2,2551D2CE-42AA-68FB-434E-C7BD2ABBF5E3,-87,25.1,77.18,28.8,83.84,25.6,78.08000000000001,25.1,77.18,25.2,77.36,25.4,77.72,67.0
2026-08-28T19:48:46.331845+00:00,inside in water 2,2551D2CE-42AA-68FB-434E-C7BD2ABBF5E3,-87,25.1,77.18,28.8,83.84,25.6,78.08000000000001,25.1,77.18,25.2,77.36,25.4,77.72,67.0
2026-08-28T19:48:48.338445+00:00,inside in water 2,2551D2CE-42AA-68FB-434E-C7BD2ABBF5E3,-87,25.3,77.53999999999999,28.9,84.02,25.7,78.25999999999999,25.3,77.53999999999999,25.3,77.53999999999999,25.5,77.9,67.0
2026-08-28T19:48:50.344467+00:00,inside in water 2,2551D2CE-42AA-68FB-434E-C7BD2ABBF5E3,-87,25.3,77.53999999999999,28.9,84.02,25.7,78.25999999999999,25.3,77.53999999999999,25.3,77.53999999999999,25.5,77.9,67.0
2026-08-28T19:48:52.350537+00:00,inside in water 2,2551D2CE-42AA-68FB-434E-C7BD2ABBF5E3,-87,25.3,77.53999999999999,28.9,84.02,25.7,78.25999999999999,25.3,77.53999999999999,25.3,77.53999999999999,25.5,77.9,67.0
2026-08-28T19:48:54.355672+00:00,inside in water 2,2551D2CE-42AA-68FB-434E-C7BD2ABBF5E3,-83,25.3,77.53999999999999,29.0,84.2,25.8,78.44,25.3,77.53999999999999,25.3,77.53999999999999,25.6,78.08000000000001,67.0
2026-08-28T19:48:56.361707+00:00,inside in water 2,2551D2CE-42AA-68FB-434E-C7BD2ABBF5E3,-86,25.3,77.53999999999999,29.1,84.38,25.8,78.44,25.4,77.72,25.3,77.53999999999999,25.6,78.08000000000001,67.0
2026-08-28T19:48:58.368931+00:00,inside in water 2,2551D2CE-42AA-68FB-434E-C7BD2ABBF5E3,-86,25.3,77.53999999999999,29.1,84.38,25.8,78.44,25.4,77.72,25.3,77.53999999999999,25.6,78.08000000000001,67.0
2026-08-28T19:49:00.374167+00:00,inside in water 2,2551D2CE-42AA-68FB-434E-C7BD2ABBF5E3,-86,25.3,77.53999999999999,29.1,84.38,25.8,78.44,25.4,77.72,25.3,77.53999999999999,25.6,78.08000000000001,67.0
2026-08-28T19:49:02.379501+00:00,inside in water 2,2551D2CE-42AA-68FB-434E-C7BD2ABBF5E3,-96,25.4,77.72,28.9,84.02,25.9,78.62,25.4,77.72,25.4,77.72,25.6,78.08000000000001,67.0
2026-08-28T19:49:04.384811+00:00,inside in water 2,2551D2CE-42AA-68FB-434E-C7BD2ABBF5E3,-96,25.4,77.72,28.9,84.02,25.9,78.62,25.4,77.72,25.4,77.72,25.6,78.08000000000001,67.0
2026-08-28T19:49:06.390183+00:00,inside in water 2,2551D2CE-42AA-68FB-434E-C7BD2ABBF5E3,-74,25.4,77.72,29.0,84.2,26.0,78.80000000000001,25.4,77.72,25.4,77.72,25.6,78.08000000000001,67.0
2026-08-28T19:49:08.395326+00:00,inside in water 2,2551D2CE-42AA-68FB-434E-C7BD2ABBF5E3,-74,25.4,77.72,29.0,84.2,26.0,78.80000000000001,25.4,77.72,25.4,77.72,25.6,78.08000000000001,67.0
2026-08-28T19:49:10.399044+00:00,inside in water 2,2551D2CE-42AA-68FB-434E-C7BD2ABBF5E3,-74,25.4,77.72,29.0,84.2,26.0,78.80000000000001,25.4,77.72,25.4,77.72,25.6,78.08000000000001,67.0
2026-08-28T19:49:12.403529+00:00,inside in water 2,2551D2CE-42AA-68FB-434E-C7BD2ABBF5E3,-74,25.4,77.72,29.0,84.2,26.0,78.80000000000001,25.4,77.72,25.4,77.72,25.6,78.08000000000001,67.0
2026-08-28T19:49:14.410322+00:00,inside in water 2,2551D2CE-42AA-68FB-434E-C7BD2ABBF5E3,-86,25.4,77.72,29.0,84.2,26.0,78.80000000000001,25.4,77.72,25.4,77.72,25.6,78.08000000000001,67.0
2026-08-28T19:49:16.418357+00:00,inside in water 2,2551D2CE-42AA-68FB-434E-C7BD2ABBF5E3,-87,25.5,77.9,29.1,84.38,25.9,78.62,25.5,77.9,25.5,77.9,25.7,78.25999999999999,67.0
2026-08-28T19:49:18.425647+00:00,inside in water 2,2551D2CE-42AA-68FB-434E-C7BD2ABBF5E3,-87,25.5,77.9,29.1,84.38,25.9,78.62,25.5,77.9,25.5,77.9,25.7,78.25999999999999,67.0
2026-08-28T19:49:20.433534+00:00,inside in water 2,2551D2CE-42AA-68FB-434E-C7BD2ABBF5E3,-87,25.5,77.9,29.1,84.38,25.9,78.62,25.5,77.9,25.5,77.9,25.7,78.25999999999999,67.0
2026-08-28T19:49:22.444630+00:00,inside in water 2,2551D2CE-42AA-68FB-434E-C7BD2ABBF5E3,-85,25.5,77.9,29.1,84.38,26.0,78.80000000000001,25.5,77.9,25.5,77.9,25.7,78.25999999999999,67.0
2026-08-28T19:49:24.449700+00:00,inside in water 2,2551D2CE-42AA-68FB-434E-C7BD2ABBF5E3,-86,25.5,77.9,29.1,84.38,26.0,78.80000000000001,25.6,78.08000000000001,25.5,77.9,25.8,78.44,67.0
2026-08-28T19:49:26.454084+00:00,inside in water 2,2551D2CE-42AA-68FB-434E-C7BD2ABBF5E3,-81,25.5,77.9,29.1,84.38,26.0,78.80000000000001,25.6,78.08000000000001,25.5,77.9,25.8,78.44,67.0
2026-08-28T19:49:28.459989+00:00,inside in water 2,2551D2CE-42AA-68FB-434E-C7BD2ABBF5E3,-84,25.5,77.9,29.1,84.38,26.0,78.80000000000001,25.6,78.08000000000001,25.5,77.9,25.8,78.44,67.0
2026-08-28T19:49:30.466097+00:00,inside in water 2,2551D2CE-42AA-68FB-434E-C7BD2ABBF5E3,-84,25.5,77.9,29.1,84.38,26.0,78.80000000000001,25.6,78.08000000000001,25.5,77.9,25.8,78.44,67.0
2026-08-28T19:49:32.471297+00:00,inside in water 2,2551D2CE-42AA-68FB-434E-C7BD2ABBF5E3,-80,25.6,78.08000000000001,29.2,84.56,26.0,78.80000000000001,25.6,78.08000000000001,25.6,78.08000000000001,25.9,78.62,67.0
2026-08-28T19:49:34.477992+00:00,inside in water 2,2551D2CE-42AA-68FB-434E-C7BD2ABBF5E3,-81,25.6,78.08000000000001,29.2,84.56,26.0,78.80000000000001,25.6,78.08000000000001,25.6,78.08000000000001,25.9,78.62,67.0
2026-08-28T19:49:36.482744+00:00,inside in water 2,2551D2CE-42AA-68FB-434E-C7BD2ABBF5E3,-80,25.6,78.08000000000001,28.9,84.02,26.1,78.98,25.6,78.08000000000001,25.6,78.08000000000001,25.9,78.62,67.0
2026-08-28T19:49:38.491124+00:00,inside in water 2,2551D2CE-42AA-68FB-434E-C7BD2ABBF5E3,-80,25.6,78.08000000000001,29.0,84.2,26.1,78.98,25.6,78.08000000000001,25.6,78.08000000000001,25.9,78.62,67.0
2026-08-28T19:49:40.497086+00:00,inside in water 2,2551D2CE-42AA-68FB-434E-C7BD2ABBF5E3,-80,25.6,78.08000000000001,29.0,84.2,26.1,78.98,25.6,78.08000000000001,25.6,78.08000000000001,25.9,78.62,67.0
2026-08-28T19:49:42.500163+00:00,inside in water 2,2551D2CE-42AA-68FB-434E-C7BD2ABBF5E3,-86,25.6,78.08000000000001,29.0,84.2,26.1,78.98,25.6,78.08000000000001,25.6,78.08000000000001,25.9,78.62,67.0
2026-08-28T19:49:44.508590+00:00,inside in water 2,2551D2CE-42AA-68FB-434E-C7BD2ABBF5E3,-80,25.6,78.08000000000001,29.2,84.56,26.1,78.98,25.6,78.08000000000001,25.6,78.08000000000001,25.9,78.62,67.0
2026-08-28T19:49:46.512124+00:00,inside in water 2,2551D2CE-42AA-68FB-434E-C7BD2ABBF5E3,-80,25.6,78.08000000000001,29.2,84.56,26.1,78.98,25.6,78.08000000000001,25.6,78.08000000000001,25.9,78.62,67.0
2026-08-28T19:49:48.516804+00:00,inside in water 2,2551D2CE-42AA-68FB-434E-C7BD2ABBF5E3,-81,25.7,78.25999999999999,29.0,84.2,26.2,79.16,25.7,78.25999999999999,25.7,78.25999999999999,25.9,78.62,67.0
2026-08-28T19:49:50.523061+00:00,inside in water 2,2551D2CE-42AA-68FB-434E-C7BD2ABBF5E3,-83,25.7,78.25999999999999,29.0,84.2,26.2,79.16,25.7,78.25999999999999,25.7,78.25999999999999,25.9,78.62,67.0
2026-08-28T19:49:52.529439+00:00,inside in water 2,2551D2CE-42AA-68FB-434E-C7BD2ABBF5E3,-87,25.7,78.25999999999999,29.0,84.2,26.2,79.16,25.7,78.25999999999999,25.7,78.25999999999999,25.9,78.62,67.0
2026-08-28T19:49:54.537813+00:00,inside in water 2,2551D2CE-42AA-68FB-434E-C7BD2ABBF5E3,-87,25.7,78.25999999999999,29.0,84.2,26.2,79.16,25.7,78.25999999999999,25.7,78.25999999999999,25.9,78.62,67.0
2026-08-28T19:49:56.544529+00:00,inside in water 2,2551D2CE-42AA-68FB-434E-C7BD2ABBF5E3,-81,25.8,78.44,29.0,84.2,26.2,79.16,25.8,78.44,25.8,78.44,26.0,78.80000000000001,67.0
2026-08-28T19:49:58.555624+00:00,inside in water 2,2551D2CE-42AA-68FB-434E-C7BD2ABBF5E3,-81,25.8,78.44,29.0,84.2,26.2,79.16,25.8,78.44,25.8,78.44,26.0,78.80000000000001,67.0
2026-08-28T19:50:00.562609+00:00,inside in water 2,2551D2CE-42AA-68FB-434E-C7BD2ABBF5E3,-81,25.8,78.44,29.0,84.2,26.2,79.16,25.8,78.44,25.8,78.44,26.0,78.80000000000001,67.0
2026-08-28T19:50:02.567346+00:00,inside in water 2,2551D2CE-42AA-68FB-434E-C7BD2ABBF5E3,-81,25.8,78.44,29.0,84.2,26.2,79.16,25.8,78.44,25.8,78.44,26.0,78.80000000000001,67.0
2026-08-28T19:50:04.572578+00:00,inside in water 2,2551D2CE-42AA-68FB-434E-C7BD2ABBF5E3,-81,25.8,78.44,29.0,84.2,26.2,79.16,25.8,78.44,25.8,78.44,26.0,78.80000000000001,67.0
2026-08-28T19:50:06.580142+00:00,inside in water 2,2551D2CE-42AA-68FB-434E-C7BD2ABBF5E3,-83,25.9,78.62,29.1,84.38,26.3,79.34,25.9,78.62,25.9,78.62,26.1,78.98,67.0
2026-08-28T19:50:08.584448+00:00,inside in water 2,2551D2CE-42AA-68FB-434E-C7BD2ABBF5E3,-83,25.9,78.62,29.1,84.38,26.3,79.34,25.9,78.62,25.9,78.62,26.1,78.98,67.0
2026-08-28T19:50:10.586787+00:00,inside in water 2,2551D2CE-42AA-68FB-434E-C7BD2ABBF5E3,-88,25.9,78.62,29.1,84.38,26.3,79.34,25.9,78.62,25.9,78.62,26.1,78.98,67.0
2026-08-28T19:50:12.592679+00:00,inside in water 2,2551D2CE-42AA-68FB-434E-C7BD2ABBF5E3,-81,25.9,78.62,29.0,84.2,26.3,79.34,26.0,78.80000000000001,25.9,78.62,26.1,78.98,67.0
2026-08-28T19:50:14.600612+00:00,inside in water 2,2551D2CE-42AA-68FB-434E-C7BD2ABBF5E3,-83,25.9,78.62,29.1,84.38,26.3,79.34,26.0,78.80000000000001,25.9,78.62,26.1,78.98,67.0
2026-08-28T19:50:16.613392+00:00,inside in water 2,2551D2CE-42AA-68FB-434E-C7BD2ABBF5E3,-83,25.9,78.62,29.1,84.38,26.3,79.34,26.0,78.80000000000001,25.9,78.62,26.1,78.98,67.0
2026-08-28T19:50:18.623316+00:00,inside in water 2,2551D2CE-42AA-68FB-434E-C7BD2ABBF5E3,-83,25.9,78.62,29.1,84.38,26.3,79.34,26.0,78.80000000000001,25.9,78.62,26.1,78.98,67.0
2026-08-28T19:50:20.628524+00:00,inside in water 2,2551D2CE-42AA-68FB-434E-C7BD2ABBF5E3,-81,25.9,78.62,29.1,84.38,26.4,79.52,26.0,78.80000000000001,25.9,78.62,26.1,78.98,67.0
2026-08-28T19:50:22.633296+00:00,inside in water 2,2551D2CE-42AA-68FB-434E-C7BD2ABBF5E3,-88,26.0,78.80000000000001,29.1,84.38,26.4,79.52,26.0,78.80000000000001,26.0,78.80000000000001,26.2,79.16,67.0
2026-08-28T19:50:24.637107+00:00,inside in water 2,2551D2CE-42AA-68FB-434E-C7BD2ABBF5E3,-81,26.0,78.80000000000001,29.1,84.38,26.4,79.52,26.0,78.80000000000001,26.0,78.80000000000001,26.2,79.16,67.0
2026-08-28T19:50:26.647024+00:00,inside in water 2,2551D2CE-42AA-68FB-434E-C7BD2ABBF5E3,-82,26.0,78.80000000000001,29.1,84.38,26.4,79.52,26.0,78.80000000000001,26.0,78.80000000000001,26.2,79.16,67.0
2026-08-28T19:50:28.652617+00:00,inside in water 2,2551D2CE-42AA-68FB-434E-C7BD2ABBF5E3,-82,26.0,78.80000000000001,29.1,84.38,26.4,79.52,26.0,78.80000000000001,26.0,78.80000000000001,26.2,79.16,67.0
2026-08-28T19:50:30.658800+00:00,inside in water 2,2551D2CE-42AA-68FB-434E-C7BD2ABBF5E3,-89,26.0,78.80000000000001,29.2,84.56,26.4,79.52,26.0,78.80000000000001,26.0,78.80000000000001,26.2,79.16,67.0
2026-08-28T19:50:32.665026+00:00,inside in water 2,2551D2CE-42AA-68FB-434E-C7BD2ABBF5E3,-88,26.0,78.80000000000001,29.2,84.56,26.4,79.52,26.0,78.80000000000001,26.0,78.80000000000001,26.2,79.16,67.0
2026-08-28T19:50:34.670882+00:00,inside in water 2,2551D2CE-42AA-68FB-434E-C7BD2ABBF5E3,-81,26.0,78.80000000000001,29.2,84.56,26.4,79.52,26.0,78.80000000000001,26.0,78.80000000000001,26.2,79.16,67.0
2026-08-28T19:50:36.678932+00:00,inside in water 2,2551D2CE-42AA-68FB-434E-C7BD2ABBF5E3,-81,26.0,78.80000000000001,29.2,84.56,26.4,79.52,26.0,78.80000000000001,26.0,78.80000000000001,26.2,79.16,67.0
2026-08-28T19:50:38.684425+00:00,inside in water 2,2551D2CE-42AA-68FB-434E-C7BD2ABBF5E3,-81,26.0,78.80000000000001,29.2,84.56,26.4,79.52,26.0,78.80000000000001,26.0,78.80000000000001,26.2,79.16,67.0
2026-08-28T19:50:40.691014+00:00,inside in water 2,2551D2CE-42AA-68FB-434E-C7BD2ABBF5E3,-81,26.0,78.80000000000001,29.2,84.56,26.4,79.52,26.0,78.80000000000001,26.0,78.80000000000001,26.2,79.16,67.0
2026-08-28T19:50:42.697317+00:00,inside in water 2,2551D2CE-42AA-68FB-434E-C7BD2ABBF5E3,-81,26.0,78.80000000000001,29.2,84.56,26.4,79.52,26.0,78.80000000000001,26.0,78.80000000000001,26.2,79.16,67.0
2026-08-28T19:50:44.705550+00:00,inside in water 2,2551D2CE-42AA-68FB-434E-C7BD2ABBF5E3,-79,26.1,78.98,29.4,84.92,26.4,79.52,26.1,78.98,26.1,78.98,26.3,79.34,67.0
2026-08-28T19:50:46.715094+00:00,inside in water 2,2551D2CE-42AA-68FB-434E-C7BD2ABBF5E3,-79,26.1,78.98,29.4,84.92,26.4,79.52,26.1,78.98,26.1,78.98,26.3,79.34,67.0
2026-08-28T19:50:48.722615+00:00,inside in water 2,2551D2CE-42AA-68FB-434E-C7BD2ABBF5E3,-79,26.1,78.98,29.4,84.92,26.4,79.52,26.1,78.98,26.1,78.98,26.3,79.34,67.0
2026-08-28T19:50:50.732978+00:00,inside in water 2,2551D2CE-42AA-68FB-434E-C7BD2ABBF5E3,-79,26.1,78.98,29.3,84.74000000000001,26.4,79.52,26.1,78.98,26.2,79.16,26.3,79.34,67.0
2026-08-28T19:50:52.740422+00:00,inside in water 2,2551D2CE-42AA-68FB-434E-C7BD2ABBF5E3,-78,26.1,78.98,29.3,84.74000000000001,26.4,79.52,26.1,78.98,26.2,79.16,26.3,79.34,67.0
2026-08-28T19:50:54.758304+00:00,inside in water 2,2551D2CE-42AA-68FB-434E-C7BD2ABBF5E3,-83,26.1,78.98,29.2,84.56,26.4,79.52,26.1,78.98,26.2,79.16,26.4,79.52,67.0
2026-08-28T19:50:56.765806+00:00,inside in water 2,2551D2CE-42AA-68FB-434E-C7BD2ABBF5E3,-83,26.1,78.98,29.2,84.56,26.4,79.52,26.1,78.98,26.2,79.16,26.4,79.52,67.0
2026-08-28T19:50:58.774632+00:00,inside in water 2,2551D2CE-42AA-68FB-434E-C7BD2ABBF5E3,-83,26.1,78.98,29.2,84.56,26.4,79.52,26.1,78.98,26.2,79.16,26.4,79.52,67.0
2026-08-28T19:51:00.785660+00:00,inside in water 2,2551D2CE-42AA-68FB-434E-C7BD2ABBF5E3,-79,26.1,78.98,29.2,84.56,26.4,79.52,26.1,78.98,26.2,79.16,26.4,79.52,67.0
2026-08-28T19:51:02.791147+00:00,inside in water 2,2551D2CE-42AA-68FB-434E-C7BD2ABBF5E3,-84,26.1,78.98,29.2,84.56,26.5,79.7,26.1,78.98,26.2,79.16,26.4,79.52,67.0
2026-08-28T19:51:04.796032+00:00,inside in water 2,2551D2CE-42AA-68FB-434E-C7BD2ABBF5E3,-84,26.1,78.98,29.2,84.56,26.5,79.7,26.1,78.98,26.2,79.16,26.4,79.52,67.0
2026-08-28T19:51:06.803870+00:00,inside in water 2,2551D2CE-42AA-68FB-434E-C7BD2ABBF5E3,-84,26.1,78.98,29.2,84.56,26.5,79.7,26.1,78.98,26.2,79.16,26.4,79.52,67.0
2026-08-28T19:51:08.810162+00:00,inside in water 2,2551D2CE-42AA-68FB-434E-C7BD2ABBF5E3,-85,26.1,78.98,29.2,84.56,26.5,79.7,26.1,78.98,26.3,79.34,26.5,79.7,67.0
2026-08-28T19:51:10.818268+00:00,inside in water 2,2551D2CE-42AA-68FB-434E-C7BD2ABBF5E3,-81,26.2,79.16,29.5,85.1,26.5,79.7,26.2,79.16,26.3,79.34,26.5,79.7,67.0
2026-08-28T19:51:12.827910+00:00,inside in water 2,2551D2CE-42AA-68FB-434E-C7BD2ABBF5E3,-81,26.2,79.16,29.5,85.1,26.5,79.7,26.2,79.16,26.3,79.34,26.5,79.7,67.0
2026-08-28T19:51:14.840125+00:00,inside in water 2,2551D2CE-42AA-68FB-434E-C7BD2ABBF5E3,-81,26.2,79.16,29.5,85.1,26.5,79.7,26.2,79.16,26.3,79.34,26.5,79.7,67.0
2026-08-28T19:51:16.846035+00:00,inside in water 2,2551D2CE-42AA-68FB-434E-C7BD2ABBF5E3,-84,26.2,79.16,29.5,85.1,26.5,79.7,26.2,79.16,26.3,79.34,26.5,79.7,67.0
2026-08-28T19:51:18.850980+00:00,inside in water 2,2551D2CE-42AA-68FB-434E-C7BD2ABBF5E3,-84,26.2,79.16,29.5,85.1,26.5,79.7,26.2,79.16,26.3,79.34,26.5,79.7,67.0
2026-08-28T19:51:20.860366+00:00,inside in water 2,2551D2CE-42AA-68FB-434E-C7BD2ABBF5E3,-84,26.2,79.16,29.5,85.1,26.5,79.7,26.2,79.16,26.3,79.34,26.5,79.7,67.0
2026-08-28T19:51:22.866177+00:00,inside in water 2,2551D2CE-42AA-68FB-434E-C7BD2ABBF5E3,-84,26.2,79.16,29.5,85.1,26.5,79.7,26.2,79.16,26.3,79.34,26.5,79.7,67.0
2026-08-28T19:51:24.869677+00:00,inside in water 2,2551D2CE-42AA-68FB-434E-C7BD2ABBF5E3,-84,26.2,79.16,29.5,85.1,26.5,79.7,26.2,79.16,26.3,79.34,26.5,79.7,67.0
2026-08-28T19:51:26.871958+00:00,inside in water 2,2551D2CE-42AA-68FB-434E-C7BD2ABBF5E3,-81,26.4,79.52,29.3,84.74000000000001,26.8,80.24000000000001,26.4,79.52,26.4,79.52,26.6,79.88,67.0
2026-08-28T19:51:28.871232+00:00,inside in water 2,2551D2CE-42AA-68FB-434E-C7BD2ABBF5E3,-81,26.4,79.52,29.4,84.92,26.8,80.24000000000001,26.4,79.52,26.4,79.52,26.6,79.88,67.0
2026-08-28T19:51:30.871917+00:00,inside in water 2,2551D2CE-42AA-68FB-434E-C7BD2ABBF5E3,-88,26.4,79.52,29.4,84.92,26.8,80.24000000000001,26.4,79.52,26.4,79.52,26.6,79.88,67.0
2026-08-28T19:51:32.871117+00:00,inside in water 2,2551D2CE-42AA-68FB-434E-C7BD2ABBF5E3,-86,26.4,79.52,29.4,84.92,26.8,80.24000000000001,26.4,79.52,26.4,79.52,26.6,79.88,67.0
2026-08-28T19:51:34.870913+00:00,inside in water 2,2551D2CE-42AA-68FB-434E-C7BD2ABBF5E3,-86,26.4,79.52,29.4,84.92,26.8,80.24000000000001,26.4,79.52,26.4,79.52,26.6,79.88,67.0
2026-08-28T19:51:36.875687+00:00,inside in water 2,2551D2CE-42AA-68FB-434E-C7BD2ABBF5E3,-86,26.4,79.52,29.4,84.92,26.8,80.24000000000001,26.4,79.52,26.4,79.52,26.6,79.88,67.0
2026-08-28T19:51:38.880571+00:00,inside in water 2,2551D2CE-42AA-68FB-434E-C7BD2ABBF5E3,-86,26.4,79.52,29.4,84.92,27.0,80.6,26.4,79.52,26.5,79.7,26.7,80.06,67.0
2026-08-28T19:51:40.880582+00:00,inside in water 2,2551D2CE-42AA-68FB-434E-C7BD2ABBF5E3,-86,26.4,79.52,29.4,84.92,27.0,80.6,26.4,79.52,26.5,79.7,26.7,80.06,67.0
2026-08-28T19:51:42.881206+00:00,inside in water 2,2551D2CE-42AA-68FB-434E-C7BD2ABBF5E3,-86,26.4,79.52,29.4,84.92,27.0,80.6,26.4,79.52,26.5,79.7,26.7,80.06,67.0
2026-08-28T19:51:44.885594+00:00,inside in water 2,2551D2CE-42AA-68FB-434E-C7BD2ABBF5E3,-80,26.4,79.52,29.4,84.92,27.1,80.78,26.4,79.52,26.6,79.88,26.7,80.06,67.0
2026-08-28T19:51:46.890363+00:00,inside in water 2,2551D2CE-42AA-68FB-434E-C7BD2ABBF5E3,-81,26.4,79.52,29.5,85.1,27.1,80.78,26.4,79.52,26.6,79.88,26.7,80.06,67.0
2026-08-28T19:51:48.896211+00:00,inside in water 2,2551D2CE-42AA-68FB-434E-C7BD2ABBF5E3,-81,26.4,79.52,29.5,85.1,27.1,80.78,26.4,79.52,26.6,79.88,26.7,80.06,67.0
2026-08-28T19:51:50.902801+00:00,inside in water 2,2551D2CE-42AA-68FB-434E-C7BD2ABBF5E3,-80,26.5,79.7,29.5,85.1,27.1,80.78,26.5,79.7,26.6,79.88,26.8,80.24000000000001,67.0
2026-08-28T19:51:52.911176+00:00,inside in water 2,2551D2CE-42AA-68FB-434E-C7BD2ABBF5E3,-84,26.5,79.7,29.5,85.1,27.1,80.78,26.5,79.7,26.6,79.88,26.8,80.24000000000001,67.0
2026-08-28T19:51:54.916741+00:00,inside in water 2,2551D2CE-42AA-68FB-434E-C7BD2ABBF5E3,-84,26.5,79.7,29.5,85.1,27.1,80.78,26.5,79.7,26.6,79.88,26.8,80.24000000000001,67.0
2026-08-28T19:51:56.919832+00:00,inside in water 2,2551D2CE-42AA-68FB-434E-C7BD2ABBF5E3,-84,26.5,79.7,29.5,85.1,27.1,80.78,26.5,79.7,26.6,79.88,26.8,80.24000000000001,67.0
2026-08-28T19:51:58.929585+00:00,inside in water 2,2551D2CE-42AA-68FB-434E-C7BD2ABBF5E3,-84,26.5,79.7,29.5,85.1,27.1,80.78,26.5,79.7,26.6,79.88,26.8,80.24000000000001,67.0
